{
  "$schema": "https://vega.github.io/schema/vega-lite/v5.json",
  "width": 300,
  "height": 150,
  "config": {
    "view": {
      "stroke": "transparent"
    }
  },
  "data": {
    "url": "https://raw.githubusercontent.com/Jiajun-liu902/homework-week10/main/bar_data.csv"
  },
  "params": [
    {
      "name": "Year_selection",
      "value": 2022,
      "bind": {
        "input": "select",
        "options": [
          2000,
          2010,
          2015,
          2022
        ],
        "labels": [
          "2000",
          "2010",
          "2015",
          "2022"
        ],
        "name": "Year: "
      }
    }
  ],
  "transform": [
    {
      "filter": "Year_selection == null || datum.Year == Year_selection"
    } 
  ],
  "encoding": {
    "y": {
      "field": "Country",
      "type": "nominal",
      "axis": {
        "grid": false
      }
    },
    "x": {
      "field": "Population Density",
      "type": "quantitative",
      "axis": {
        "grid": false
      }
    },
    "tooltip": [
        {
            "field": "Country",
            "type": "nominal",
            "title": "Continent"
        },
        {
            "field": "Population Density",
            "type": "quantitative",            
            "title": "Population Density"
        }   
            ]
  },
  "layer": [
    {
      "mark": "bar"
    },
    {
      "mark": {
        "type": "text",
        "align": "left",
        "baseline": "middle",
        "dx": 3
      },
      "encoding": {
        "text": {
          "field": "Population Density",
          "type": "quantitative"
        }
      }
    }
  ]
}