{
    "$schema": "https://vega.github.io/schema/vega-lite/v5.json",
    "width": 1000,
    "height": 400,
    "config": {
        "view": {
            "stroke": "transparent"
        }
    },
    "data": {
        "url": "https://raw.githubusercontent.com/Jiajun-liu902/homework-week10/main/world_population_tidy_map.csv"
    },
    "params": [
        {
            "name": "Year_selection",
            "value":2022,
            "bind": {
                "input": "select",
                "options": [
                    2000,
                    2010,
                    2015,
                    2020,
                    2022
                ],
                "labels": [
                    "2000",
                    "2010",
                    "2015",
                    "2020",
                    "2022"
                ],
                "name": "Year: "
            }
        }
    ],
    "transform": [
        {
            "filter": "Year_selection == null || datum.Year == Year_selection"
        },
        {
            "lookup": "Country",
            "from": {
                "data": {
                    "url": "https://raw.githubusercontent.com/bryanchze/w10Homework/main/js/countries.json",
                    "format": {
                        "type": "topojson",
                        "feature": "ne_110m_admin_0_countries"
                    }
                },
                "key": "properties.NAME"
            },
            "as": "geo"
        }
    ],
    "mark": {
        "type": "geoshape"
    },
    "encoding": {
        "shape": {
            "field": "geo",
            "type": "geojson"
        },
        "color": {
            "field": "Population Density",
            "type": "quantitative",
            "legend": {"orient": "top-right"}
        },
        "tooltip": [
            {
                "field": "Year",
                "type": "quantitative"
            },
            {
                "field": "Country",
                "type": "nominal",
                "title": "Country"
            },
            {
                "field": "Population Density",
                "type": "quantitative"
            }
        ]
    }
}
